Datetime,Water Level (m)
2025-03-08 06:00:00,-0.7506205
2025-03-08 07:00:00,-0.84542024
2025-03-08 08:00:00,-0.7992184
2025-03-08 09:00:00,-0.62882406
2025-03-08 10:00:00,-0.35835
2025-03-08 11:00:00,-0.034744613
2025-03-08 12:00:00,0.28820124
2025-03-08 13:00:00,0.5192679
2025-03-08 14:00:00,0.5752279
2025-03-08 15:00:00,0.44660965
2025-03-08 16:00:00,0.20593853
2025-03-08 17:00:00,-0.065110296
2025-03-08 18:00:00,-0.33046642
2025-03-08 19:00:00,-0.5620226
2025-03-08 20:00:00,-0.7550211
2025-03-08 21:00:00,-0.90333354
2025-03-08 22:00:00,-0.94501144
2025-03-08 23:00:00,-0.801925
2025-03-09 00:00:00,-0.5594198
2025-03-09 01:00:00,-0.29824153
2025-03-09 02:00:00,-0.06620283
2025-03-09 03:00:00,0.089979336
2025-03-09 04:00:00,0.09206859
2025-03-09 05:00:00,-0.08787348
2025-03-09 06:00:00,-0.32885507
2025-03-09 07:00:00,-0.56250316
2025-03-09 08:00:00,-0.75738645
2025-03-09 09:00:00,-0.8849284
2025-03-09 10:00:00,-0.86263597
2025-03-09 11:00:00,-0.64241236
2025-03-09 12:00:00,-0.30372092
2025-03-09 13:00:00,0.06995539
2025-03-09 14:00:00,0.39672795
2025-03-09 15:00:00,0.6146306
2025-03-09 16:00:00,0.6205705
2025-03-09 17:00:00,0.38957646
2025-03-09 18:00:00,0.08563664
2025-03-09 19:00:00,-0.22242503
2025-03-09 20:00:00,-0.5015421
2025-03-09 21:00:00,-0.74142957
2025-03-09 22:00:00,-0.95197076
2025-03-09 23:00:00,-1.0682796
2025-03-10 00:00:00,-0.9360834
2025-03-10 01:00:00,-0.63665557
2025-03-10 02:00:00,-0.2989603
2025-03-10 03:00:00,0.0048653777
2025-03-10 04:00:00,0.21931997
2025-03-10 05:00:00,0.2326181
2025-03-10 06:00:00,0.019379662
2025-03-10 07:00:00,-0.25671667
2025-03-10 08:00:00,-0.5309036
2025-03-10 09:00:00,-0.7590922
2025-03-10 10:00:00,-0.94801927
2025-03-10 11:00:00,-1.0091884
2025-03-10 12:00:00,-0.7509469
2025-03-10 13:00:00,-0.34512255
2025-03-10 14:00:00,0.10282051
2025-03-10 15:00:00,0.5004234
2025-03-10 16:00:00,0.7388247
2025-03-10 17:00:00,0.74029756
2025-03-10 18:00:00,0.48289543
2025-03-10 19:00:00,0.1470973
2025-03-10 20:00:00,-0.18382584
2025-03-10 21:00:00,-0.49211997
2025-03-10 22:00:00,-0.7553097
2025-03-10 23:00:00,-0.98376757
2025-03-11 00:00:00,-1.0922076
2025-03-11 01:00:00,-0.8464378
2025-03-11 02:00:00,-0.4605976
2025-03-11 03:00:00,-0.037988797
2025-03-11 04:00:00,0.31953493
2025-03-11 05:00:00,0.510737
2025-03-11 06:00:00,0.4041122
2025-03-11 07:00:00,0.10401402
2025-03-11 08:00:00,-0.21652384
2025-03-11 09:00:00,-0.5165985
2025-03-11 10:00:00,-0.7666425
2025-03-11 11:00:00,-0.97700846
2025-03-11 12:00:00,-1.0187703
2025-03-11 13:00:00,-0.69497085
2025-03-11 14:00:00,-0.22216783
2025-03-11 15:00:00,0.28561625
2025-03-11 16:00:00,0.699692
2025-03-11 17:00:00,0.9098409
2025-03-11 18:00:00,0.81226265
2025-03-11 19:00:00,0.4867833
2025-03-11 20:00:00,0.11588676
2025-03-11 21:00:00,-0.23385021
2025-03-11 22:00:00,-0.54924226
2025-03-11 23:00:00,-0.81428224
2025-03-12 00:00:00,-1.0326799
2025-03-12 01:00:00,-0.99048644
2025-03-12 02:00:00,-0.6211004
2025-03-12 03:00:00,-0.14924695
2025-03-12 04:00:00,0.308011
2025-03-12 05:00:00,0.64043665
2025-03-12 06:00:00,0.70025647
2025-03-12 07:00:00,0.4485245
2025-03-12 08:00:00,0.11377796
2025-03-12 09:00:00,-0.22150767
2025-03-12 10:00:00,-0.5321787
2025-03-12 11:00:00,-0.78879386
2025-03-12 12:00:00,-0.99701536
2025-03-12 13:00:00,-0.8929821
2025-03-12 14:00:00,-0.45977548
2025-03-12 15:00:00,0.089682624
2025-03-12 16:00:00,0.6220359
2025-03-12 17:00:00,0.97032267
2025-03-12 18:00:00,1.0361136
2025-03-12 19:00:00,0.77936673
2025-03-12 20:00:00,0.40396538
2025-03-12 21:00:00,0.022765182
2025-03-12 22:00:00,-0.3324777
2025-03-12 23:00:00,-0.6266735
2025-03-13 00:00:00,-0.889255
2025-03-13 01:00:00,-1.0586833
2025-03-13 02:00:00,-0.7971926
2025-03-13 03:00:00,-0.30558783
2025-03-13 04:00:00,0.25011533
2025-03-13 05:00:00,0.6917589
2025-03-13 06:00:00,0.90137196
2025-03-13 07:00:00,0.7692464
2025-03-13 08:00:00,0.4277434
2025-03-13 09:00:00,0.06033307
2025-03-13 10:00:00,-0.2869009
2025-03-13 11:00:00,-0.57868904
2025-03-13 12:00:00,-0.8351909
2025-03-13 13:00:00,-0.9989187
2025-03-13 14:00:00,-0.6911554
2025-03-13 15:00:00,-0.16712545
2025-03-13 16:00:00,0.42355
2025-03-13 17:00:00,0.8753449
2025-03-13 18:00:00,1.116286
2025-03-13 19:00:00,1.000244
2025-03-13 20:00:00,0.6421928
2025-03-13 21:00:00,0.24022172
2025-03-13 22:00:00,-0.1301709
2025-03-13 23:00:00,-0.469616
2025-03-14 00:00:00,-0.7533596
2025-03-14 01:00:00,-0.9955043
2025-03-14 02:00:00,-0.9391758
2025-03-14 03:00:00,-0.45644218
2025-03-14 04:00:00,0.11014547
2025-03-14 05:00:00,0.6484707
2025-03-14 06:00:00,0.9701352
